example,text
0,"if the value x is the slope, in the after picture, the new value for the slope is 2x so twice what it was before"
0,when the height is doubled the slope will more than double as well as it is not affected by the run.
0,
0,
0,
0,
0,
0,
0,
0,
0,
0,
0,
0,
0,
0,
0,
0,
0,
0,
0,It cannot be less that double the slope it had before because slope is rise over run.
0,"it is inversely proportional, as the y value increases and x decreases in the ""after."" if the y values of both the ""before"" and ""after"" were equal, then the slope would be exactly twice what it was before. "
0,"slope=rise/run, in the second graph, although the rise is 2 times greater than the run,  the run decrease. 





we do not know what ratio is the run in graph 1 and graph 2."
0,"the slope is rise over run, the x and y is increasing by 2, so the slope has to be doubled as well"
0,there is not enough information
0,there is not enough information
1,"I chose this because the rise is clearly doubling from x to 2x however the run is getting smaller as the ladder moves in closer to the wall, so the slope would be more than twice not exactly twice than it was before. "
0,I feel that the slope is less than it was before because of the angle of the latter was to what it became
1,"The change in y is doubled, while the change in x is decreased, so the total change in slope is greater than double the original."
0,"





[QS 13 PROOF.pdf](https://app.crowdmark.com/text-attachments/868b091d-cf0b-4d92-a096-6cae90086764)





"
0,The slope becomes twice what it was before due to the fact that x is being multiplied by 2.
0,"Attached in file above. 





"
0,I believe the slope is twice as much because the values of each axis was changed and the second graph is twice as long as the first.
1,"Not enough info, the distance from the wall to the base of the ladder is needed. This depends on how far the ladder was originally to the wall, the closer it was, the change in slow will be higher, if it was originally further from the wall, then the change in slope will be lower."
0,"If the height is doubled, then the corresponding output for the second position is doubled. If we are assign possible values. Since the slope is directly proportional to the output values, if the output is doubled then the slope should double as well. (m = y2-y1/x2-x1)."
1,"The rise of the slope doubles, and since the ladder length doesn't change, the thing that does change is the run of the slope. Since the rise (numerator) doubles and the run (denominator) decreases, the slope of the latter will increase more than double.  "
0,"





![F1C08ED4-5DD3-45A5-96DB-32CE3BA246EF.jpeg](https://usercontent.crowdmark.com/d2a99593-51d5-49ed-880d-b2b98ec5b985.jpeg)





"
0,to solve this equation I plugged points for x and the hypotenuse and solved using sin the angle or slope between the floor and the ladder. using the two values i obtained I found that one was more then twice the other. 
1,"While solving this question, it is assumed that as the height is doubled the distance from the wall is halved. I assigned the distance from the wall the variable n. I know that to see how the slope changed I would have to divide the new slope by the previous slope. Thereby, I found the new slope and used rise of over as the formula, in this case new slope is 2x/(n/2) which simplifies to 4x/n. Then I found the previous slope using rise over run, giving me x/n. Finally, I divided the new slope by the previous slope giving me the constant 4. This value indicates that the new slope increased by 4 times the previous slope, when the height was doubles. "
0,"The x of the ladder may have doubled but the position of the bottom of the ladder has halved, equaling the slope out and making it the same as before (based on rise over run)."
1,because you double the y value of the slope by 2 and also the x value becomes shorter it should be more than double because slope is rise over run
1,The slope is rise over run and since rise is getting larger as run decreases the new slope will be larger than before
0,"I am pretty sure it is around twice but since there are no coordinates , I can't determine the answer."
0,the formula for slope  is x2-x1/y2-y1 and the formula a^2+b^2=c^2 applies. the slope will multiply by 2 according to these two functions. 
0,rise over run
0,guessed this one 
1,"i pictured it as the slope equation, rise over run. rise doubles as the height doubles, and since the run is getting smaller, the slope would overall increase by two times."
0,"As the equation for slope is y/x, by increasing the 2x means dividing the length at the bottom (b) by two. Therefore, the equation would something like this: 2x/(1/2b). Assuming x=2 and b=8. Using the original y/x would yield 2/8, but with the 2x/(1/2b), it would be 4/4, which is more than twice what it was before. "
0,"Please see the screenshot attached





![IMG_645B183A382B-1.jpeg](https://usercontent.crowdmark.com/d246e363-c22f-4d35-883b-e4c191b87794.jpeg)





"
0,"Depending on the ratios of x and y, the value of x in the second image may be different. "
0,"The latter is linear so when adjusted by a factor of 2, the slope becomes steeper by the same factor. "
0,"Because the ladder's height was twice of what it was before, this is the only correct answer as the values have pretty much doubled."
1,"While x is doubled, the width covered by the ladder decreases but not exactly by half. If the value for the height increases by half and the value for the width decreases, the slope of the ladder would have a higher value as the numerator is larger and the denominator is smaller. "
0,"





[IMG_2186.HEIC](https://app.crowdmark.com/text-attachments/7e79277f-b95d-40a1-ae72-a78ac5e0c7f8)





"
0,"Since slope is run/rise, and the ladder is fixed length, we have no idea the new run of the ladder"
0,"slope = rise over run. The rise doubled, so the slope doubled. "
1,"looking at the ""before"" picture, if we put the x side to 2x without consider the fixed hypotenous side, the slope is twice the original slope. however, since the hypotenous side is fixed, the slope will be much steadier."
1,"Hypotenuse lenght stayed the same





Doubling the rise and decreasing the run makes the slope double more than before"
1,"its more than twice because the bottom of the ladder moved, meaning the run is now a shorter distance and double the rise "
1,"even though the rise increased by 2, the run decreased as well and because the ladder is a fixed length. "
1,The slop increased because the ladder appears steeper after it was moved. It would increase by more than double because the slope is not directly proportional to the y value of the end of the ladder.
0,"The ladder is moved up, making its slope steeper and therefore making slope twice what it was previous."
1,"The rise is doubled and the run didn't decrease. Since the ladder is a fixed length the run has to shrink, meaning it is more than twice the slope"
0,"slope = rise over run 





say the slope was 2 





2x would be 2(2) = 4





which is exactly twice what it was before 





"
0,"If the ladder went two feet across and one foot up in the first picture, its slope would be 1/2. if the ladder was moved one foot up, it now has a slope of 2. this is only a quarter bigger."
1,"through the transitive property, since the vertical gianed x, the horizonal lost x. Therefore the slope went from (1/2)x to 2x. Which is 4* what it was before"
0,"





[IMG_7304.heic](https://app.crowdmark.com/text-attachments/e2a495f2-0397-49f0-854a-a16f141bc5f5)





"
1,"





![4925C140-1BF0-4CF0-BFCB-EB2E11EC4289.jpeg](https://usercontent.crowdmark.com/88963a53-e336-4d96-bf09-1c7046eadfe6.jpeg)





since the rise is increasing by a factor of 2 and the run is decreasing the overall slope should be greater than 2 since slope is rise/run"
0,"If we look at the formula for m = (y2-y1)/(x2-x1) and Pythagorean theorem (let constant side = 10 units and y = horizontal side length) then y^2 = 100 - x^2











If we assume the bottom of the ladder was resting at the origin, our slope formulas would look like this: 





m = x/(square root of (100-x^2))





m = 2x/(square root of (100 - (2x)^2))





Substitute values for x and solve for the slope. 





x=2





m = 2/( square root of (100-4))





= 0.203





m = 4/(square root of (100-16))





m = 0.436











2x0.203 is less than 0.436, therefore the slope of the ladder is more than twice what it was before.  





"
0,"I believe that there is not enough information to determine if any of a through d is correct because in order to determine the slope of the ladder, we must be given both the y and x values. Because we were only given values on the y-axis, we cannot accurately give an answer, despite what it may seem like through the pictures given."
0,"You do not know the X value, so it is impossible to calculate the slope."
1,The run decreases and the rise increases so more than twice.
0,"the slope of a straight line is given by x/y, since the variable in this case indicates the y-value, the equation for each slope would be (x)/x and (x)/2x. when the x-value is divided by 2, the slope will be less than twice what it was before."
0,"im not sure, im assuming by using proportionality the slope will be double"
1,"The key phrase in this question is ""of fixed length."" The slope of the ladder is calculated by the formula $rise/run$. In this case, the rise must INCREASE and the run must DECREASE to obtain the ladder's position in the after photo since the ladder is a fixed length. This means the slope will increase by more than a factor of 2. "
1,"Since the length has been doubled, the width has gotten shorter as well therefore the slope  is more than twice as it was before."
0,"





![Baseline Assessment #13.png](https://usercontent.crowdmark.com/d21dbd64-8cb1-495e-8f2d-41017f02abb5.png)





See attached file."
1,"Slope=rise/run. For the ""before"" ladder we can see that the rise is x and the run is an unknown value. For our purposes we can call the unknown value y. For the before ladder the slope is x/y as it is the rise over run. For the ""after"" ladder, the rise is now 2x and we can assume that the run is y/2 as the run looks approximately half of what it was for the ""before"" ladder. 2x/(y/2)=4x/y . The slope of the ""after"" ladder is 4x/y. The denominators are the same for both slopes. As the denominator is 4x for the after ladder compared to x for the before ladder, we can see that the slope for the after ladder is more than twice the slope of the before ladder."
1,"Twice the original slope would be 2x / y while the after slope would be 2x / smaller y, meaning it will be greater"
0,The slope of the ladder is  exactly twice as it was before.
0,"To determine slope, 2 pieces of info are required, the length that the ladder reaches, as well as the distance it is from the wall. Only one is provided so we cannot solve this problem."
0,Since the slope is now steeper I think that it would cause the slope to double 
1,"unsure about how to find answer. 





guess: m = y2-y1 / x2 -x1. 





Since the y2 is twice as big and the x2 value is now smaller since the distance was shortened, the m value will be larger than before (where denominator was bigger than nominator). Thus, more likely to be more than twice as big as original slope. "
0,"the slope went from x to 2x because it is twice as high, therefore the slope is twice as big."
0,"When you use a physical model, this answer makes the most sense."
0,"Since the length of ladder doesn't change you can assign it a fixed value such as 6. 





Let ladder= 6 m





Let x= 2m





Find value of bottom 1: b^2= 6^2 - 2^2 = 5.657 m





Then find slope of ladder: 2/5.657 = 0.3535











Find value of bottom 2: b^2 = 6^2 - 4^2 = 4.472





Find slopw: 4/4.47d = 0.89445 











The difference between 0.3535 and 0.89445 is greater than 2."
1,"The slope of the ladder is now more than twice what it was because as you are increasing the rise you are decreasing the run. For example, if the slope was initially 2/1. The rise would be double to 4 and the run could decrease to 0.5 which would now give us a slope of 8 which is more than twice what it was before. "
0,I guessed for this one
1,"I assumed the x value in the before graph was equal to the distance between the ground and the wall in after graph. Therefore, the distance between the ground and the wall in the before graph would be 2x, as both of the triangles are identical in their dimensions. Next, I used the slope formula (m = rise/run) to approximately calculate how steep each graph is. The before graph was m = x/2x = 0.5. And the after graph was m = 2x/x = 2. Then I did 2/0.5 = 4, thereby being more than twice it was before (so I chose the third option). "
1,"





![Image (10).jpeg](https://usercontent.crowdmark.com/30698ade-e208-4a52-9af7-839c03b63543.jpeg)











The rise increase but the run decreases and so if you do the calculations you will find that it is more than twice what it was before. "
1,"When the ladder is adjusted, the rise doubles however the run decreases, hence the slope will be more than twice because the slope formula is rise/run."
0,"This is because on the x-axis, it does not show any variable or scale. Although visually it can be assumed that the slope is the same, there is not enough information, to prove that this assumption is correct."
0,"random values for the length of the ladder and the value for x, then compared the slopes of the ladder by finding the angles using trig ratios

















![Screen Shot 2022-09-11 at 3.59.40 PM.png](https://usercontent.crowdmark.com/bcf55e25-1cb2-43c1-9f56-4dc039701166.png)











the second angle is more than double the first"
1,"the rise of the slope has increased but the run has decreased , therefore the slope gets steeper and is increasing . Since the run is decreasing the skip cannot be less than twice or exactly twice."
0,we need the distance of the bottom of the latter from the floor to figure out the slope of the ladder. 
0,"We do not know the distance and change in distance from the bottom of the ladder to the wall, so we cannot determine the change of slope in terms of x. "
0,![IMG_0548.JPG](https://usercontent.crowdmark.com/055eb76a-8023-48f1-be79-21d197b09b05.jpg)
0,whatever x value are going to be given for the slope of this graph would have to be multiplied by 2 so it would have to be exactly twice what it was before.
0,the x value also changed
1,the height (rise) is increasing by a factor of 2 and the run is decreasing 
1,"The height increases by 2 times what it was previously and the distance from the wall to the base of the ladder must decrease in order for the ladder to meet both ends. Therefore, the slope has to be more than twice of what it was before. "
0,The slope increased since the ladder is closer to being straight then it was before and that creates a steeper hill like slope
1,"The slope can be found by calculating rise/run. Since the 'rise', which is in the numerator, has turned from x to 2x, we can decipher that the slope has increased by at least 2 times. But, since the ladder remains the same length the 'run', the denominator of the slope equation, must have decreased. Therefore the slope must now be more than twice it was before."
0,"the adjustment was twice, so the change should be twice"
1,"When increasing the top of the height by 2 times, the actual length of the ladder will be kept constant. In order to study the change in the slope of the ladder, we would need to study the change in the horizontal values. By using pythagoras theorem, we can study the relationship between the horizontal value for the first graph and the second graph (since the hypotenuse is constant). It turns out that the value of x1 (first graph) is more than two times greater than x2 (second graph). Through this relation, it can be deduced that the slope of the ladder will be more than 2 times greater than the previous slope "
0,"sub values for x and and ladder length, solve for unknown side and find slope"
0,"We know that the rise is two times the original, but the run is not included, therefore we cannot know exactly how the slope changed. "
0,coefficient is now 2
1,"with the rise (2x) increasing by 2x, the slope would just be twice but since the run decreased, it will be more than twice"
1,"the rise is now 2, a slope of 2 iss more than double 1/2 which was the slope of the first ladder positioning"
0,"In order to determine slope, you would need the distance of the top of the ladder from the floor and the distance from the bottom of the ladder. However, only the distance of the top of the ladder was given. Therefore, slope cannot be determined. "
0,I don't think we have enough values to determine the answer. 
0,The numerator must be larger than the denominator in order to increase the slope by 2x the height 
1,if the rise increases with a fixed ladder length then the run decreases 
0,doubling the slope (x2) is like making the function on a graph increase
0,we don't know how far across the distance on the x-axis is
0,"Rise over run. In the second ladder, rise twice of first ladder, therefore slope doubles. "
1,Since the ladder is at x height moving it so that it is 2x changes the height but also in proportion changes the distance the ladder is from the wall and since it increased by 2x then the length from wall decreased by 2x therefore keeping the slope the same
0,"Because the length is fixed, the run remains the same. The rise is multiplied by 2, doubling The original slope."
1,"let y be the distance from the wall





m1=x/y, m2=2x/ky, where 0<k<1 (since we know y is decreasing in the second triangle)





Solving both equations for y, we get y=m1x, and y=m2kx/2





m1x=m2kx/2





m1/m2=k/2





m2/m1=2/k





Since we know k is smaller than 1, m2 is going to be more than 2 times the value of m1, meaning the slope will be more than doubled "
0,"





![20220911_161533.jpg](https://usercontent.crowdmark.com/cc67a887-ab3d-44ae-8d35-75f71d9a701e.jpg)





"
1,"The slope has been more than doubled because the height up the wall has been doubled and the base's distance from the wall has been decreased. It would have been exactly doubled if the height up the wall was doubled and the base somehow stayed in the same place (i.e., the ladder would have to get longer), but since the base was moved closer to the wall, the slope is even steeper than double."
0,"The context of the question only tells us that the rise is twice it was, not how much the run has decreased, making the slope undeterminable."
0,"the rise of the slope is the x axis and as shown in the diagram it increases by 2x, therefore the slope will be twice but you will not know if it is exactly twice as the run (y axis) was not shown. "
1,"The slope of the ladder is certainly greater after than before. However, we are only given a variable and a multiple of the variable for the height between the ladder and floor before and after. We have no information about the distance between the wall and the other end of the ladder, nor of the length of the ladder, so it cannot be determined by exactly how much the slope of the ladder changed. In other words, to use Pythagora's theorem (a^2 + b^2 = c^2) to solve this, we would need to know two of the three variables. We only know one. "
0,"Ladder 1: Assuming that the rise x is 2 and the run is 4, the slope of the before ladder would be 1/2. Therefore the slope of Ladder 2 would be 4/2 which would make it more than twice as what it was before."
0,As the height increases the hypotenuse becomes greater and the base become smaller  
0,The reason is because now the rise over run values have inversed. 
1,The slope of the ladder after it was adjusted would be more than double than what it was before. This occurs because the ladder is a fixed length so by altering the height of the ladder against the wall the rise increases and thus causing the run to decrease as well. When calculating the new rise/run the numerator will be doubled and the denominator would be smaller causing the new slope to be more than double the old slope. 
0,pythagoras theorem and rates of change
0,"Substitute test values in for all sides, solve for slope."
1,"The height of the ladder is a fixed length. If the ladder is adjusted to be 2x greater than before, this also results in the run becoming smaller because the ladder is a fixed height.  This means that the rise of the slope is more than 2 times greater than before and the run is less than before; therefore the slope must be more than twice what it was before. "
1,"As the rise increases, the run decreases. So, the slope would drastically increase as since the numerator would be much larger than the denominator."
0,This is due to the fact that the ladder will start to straighten itself to reach 100% in which it does not have a slope anymore due to be straight. 
1,"If how high the ladder is placed (rise) increases by two, then the run decreases by a factor less than half





thus the slope is more than twice what it was before (denominator is much smaller)





"
0,using the pythagorean theorem results in a higher value than twice the original
0,"





![2F161184-0CC9-4D02-8E30-7875D9F3F1BB.jpeg](https://usercontent.crowdmark.com/602c4b12-cccb-4a18-bc47-c624a6ca03f8.jpeg)





"
1,"m=rise/run.. and although the rise in the second photo is 2x higher than the first, the run also became shorter.











Therefore, the slope of ladder is more steeper than twice it was before."
0,"Slope is rise/run. If the distance of the ladder from the wall stayed the same but the ladder was twice as high up, then that would be double the slope, for example if rise is 5m and run is 2m, slope is 2.5, but if the height only was doubled, it would become 10/2 so slope is double at 5. In this case, in order for the ladder to go higher up the wall, it has to be moved closer to the wall. Continuing with the example, the rise is now 10m, but in order to achieve that the ladder was moved closer by 1m, making the run 1m. This gives a slope of 10, which is more than double the original 2.5."
0,"





![453B72CD-7683-4CF7-B361-3EDB8D8E87D6.jpeg](https://usercontent.crowdmark.com/0a04cf30-f5bb-4962-ab9b-843ae75451de.jpeg)





"
1,The y axis doubles and the x axis reduces so since m=y2-y1/x2-x1 the denominator would be smaller and hence m would be bigger.
1,"The change in y is increasing and the value its being divided by is decreasing, therefore the slope would be significantly larger."
0,"The slope of the ladder can be found using rise over run. The ladder before has a slope of around 1/2 and 2/1 afterwards. As we can see, this is more than 2x the slope."
0,"Using Pythagoras theorem





x^2 +y^2= z^2 (hypothenuse= slope)





if x is doubled then y would decrease however the slope z would be the sane





"
0,I assigned values to each side then did rise over run to find the slope. 
0,"Unsure





"
0,slope doubled
0,"Ex. Rise of 5 u, and run of 12 u. Using Pythagorean theorem, the ladder length is 13 u. The slope in this case is 5/12. If the rise is doubled (to 10 u), then using Pythagorean theorem the run decreases to 8.3. The slope is now 10/8.3, which is greater than double the previous slope."
0,"Since a slop depends on a rise/run, doubling the value of m would suggest that each point is twice its y-value as there is no fixed constant for b."
1,"Since ladder is fixed length, the run has to decrease as the rise increases. so if the rise increases by a factor of 2 and the run decreases than the slope has to be more than twice the original slope."
0,If all x values are doubled that means for every 1 unit that you initially travelled up you now travel 2 units up which makes the line steeper. The change in y will now be greater than the change in x and so the slope will double as well. 
0,2x is twice as high as just x.
0,"The slope of the ladder is twice of what it was before since these two functions are inverses of eachother. Meaning, the x inputs swap with the y outputs."
0,It would be more because the rise increases but the run stays the same. So to compensate the slope would have to be more.
0,The angle between the ground and ladder is doubled when the ladder is twice as high as it was before.
0,"The graph now has twice the slope as before because the height of the later has changed twice as much. Meaning instead of the slope being 1, it will now be 2 (up 2 across 1). "
1,"The rise of the slope has doubled and the run has decreased, meaning the slope would more than double. "
1,"Slope is calculated as delta y/delta x, in other words rise over run. In this case, while the rise of the ladder is increasing, the run of the ladder is decreasing. Therefore, the rise and run are remaining proportional to each other and as such the slope will have no change. "
0,"





![13b.png](https://usercontent.crowdmark.com/f4ececd5-5485-4e5e-bdb3-1ab3a0b4a2a6.png)





"
0,the slope of the ladder does not change it is always the same no matter what x and y values change
1,"the ladder length stays the same, so adjusting would make it more than twice what it was before"
0,"There are no measurements provided, therefore, a conclusive answer can't be given."
0,"I was not very sure about my answer to this question. I thought of the equation of a line y=mx+b and thought if the x value is twice as high, the slope could be twice as high as well. "
0,"By increasing the height of the ladder (multiplying by 2), the distance between the ladder and the wall is now half as small. The first slope is x/2x and the second slope is 2x/x. Therefore the slope is more than twice what it was before, it's four times than what it was before."
0,"when considering rise over run, since the rise value doubles, so does its slope"
0,"





![B73EE62A-5A83-43A9-B3B5-5D6D058D5D6E.jpeg](https://usercontent.crowdmark.com/0b5a197c-75b4-4ea2-aecf-1ed45394169b.jpeg)





"
1,"Since the rise goes up double the amount, and the run decreases, the value of the slope has to be greater than double what is previously was, as the amount that the rise gets divided by is now less."
1,"The slope is defined as rise over run. If the ladder is adjusted to be twice as high as before, it is assumed that the rise of the slope then increases by 2, while the run becomes smaller than previously."
1,using slope formula is rise doubles run must decrease so we get it more the double the original. 
0,it would be solvable if any of the two acute angles is given a degree.
1,the value of x is doubled but the distance from the base of the ladder to the wall is decreased. so the new slope should be 2 divided by some number that is less than 1 since it has decreased. which means the slope has more than doubled
0,"In this question, i am assuming that the ladder is moving inwards at the same rate that it is moving up. "
1,"When x doubles, the value of the horizontal value decreases. For example, in the first figure, the slope is approximately 1/2 = 0.5. However, in the second figure, the slope is approximately 2/1 = 2. In this case, the slope increased by more than twice, by almost 4 times in this specific scenario. Thus, it is reasonable to conclude that the slope increases by more than twice what it was before when x doubles. "
0,"The slope or rate of change changes greatly when the height of the ladder is doubled, I think it increases by a factor of 4"
1,"the rise gets bigger but the run gets smaller, therefore it doubles"
0,Because the ladder doubled in height.
0,"see attached file

















![Q13.jpg](https://usercontent.crowdmark.com/cd4c516a-3f4b-4a98-82fc-ed595a38c405.jpg)





"
0,not so sure how to solve this
0,There was not enough information to determine the answer.
0,"the coefficient right next to the X is the slope, so no matter what the slope is, that 2 will double it. after subbing in fake numbers using the same scenario, you get more than double of what it was. "
0,"the rise increased, and the run decreased "
0,"the length of the ladder didn't change, the base and height changed from 2x and x to x and 2x"
0,"By trialling this question on graph paper, I calculated that the slope of the second ladder would be about 4 times larger than the first. "
0,"





![68B5B093-8AF7-4E29-8753-6E0B882CCFFC.jpeg](https://usercontent.crowdmark.com/3cbaaa06-f1de-48af-ac75-7e026644367b.jpeg)





"
0,the answer will also be multiplied by a factor of 2
0,It becomes more steep.
0,I found that the angle of the ladder after is increased 2.25x that of what it was before by plugging in test values for sin = o/h.
1,"To calculate the exact slope, we would need to know the distance of the ladder from the wall. However, since the ladder has increased in height, but the length remains the same, we can use pythagorean's theorem to deduce that the distance from the wall would be smaller, meaning the ratio of rise over run would be a higher number. "
0,I don't know. It seemed right. 
1,"Slope is rise over run and since rise is doubled and run is decreased, (denominator decreased = bigger denominator) we know that the slope is more than double what it was before"
0,m = rise/run. Set x =5 (on the y-axis) and the run (x-axis) = 15. Equation for diagram on the left m = 5/15 = 0.33. Equation for the diagram on the right m = 10/15 = 0.66. 0.33 x 2 = 0.66. This means the slope of the ladder is exactly twice what it was before.
0,"Since you're increasing the height by two, this increases the slope by 2 as well."
1,The slope has become steeper and the rise has increased while the run has decreased making the overall slope larger and visibly 2 times larger. 
0,"





![125CE5A8-9376-4445-ABB2-2A212E25CDF7.jpeg](https://usercontent.crowdmark.com/37ba4f75-bb8c-4d8e-b005-0db923b1d819.jpeg)





"
1,"The slope is more than twice what it was before because not only has the rise doubled (which would simply cause the slope to double had the run stayed the same), but the run has gotten smaller as well, meaning the slope must be more than double what it was."
1,"While the rise is increasing, the run decreases so the answer should be more than twice."
0,Y values increase and slope increases equally 
0,"Since the y-component is increased by 2 (x becomes 2x), the x-component is halved as the ladder moves closer to the wall horizontally, negating the slope to become double of what it was. m = rise/run, so 2/1/2 = 1, so the slope stays the same."
0,"rise/run: 1/2 and became 2/1











"
1,"Slope is directly proportional to the rise of the slope (meaning the *y* value). Since the *y* value, denoted by *x*, doubled, so does the slope. As well, the horizontal component, or the run of the slope, decreased, and that is inversely proportional to the slope. Therefore, the slope has more than doubled."
0,"The slope goes up high because the angle of the line is now more steep. This means that there is a higher rate of change. Also, the height has exactly doubled, so that means that the slope will also double."
0,"





![16630174921603006171983549767331.jpg](https://usercontent.crowdmark.com/058eec50-95b8-40d2-8449-e7fcf8193024.jpg)





"
0,"There is not enough information because it all depends on the length of the ladder. Say the ladder is infinitely long and x is small, doubling x will have a very minor change on the slope of the ladder. But if the ladder is really short, the slope will increase by a lot when x is doubled. Therefore, it cannot be determined. "
1,The question tells us the rise increases by 2 but does not tell us how much the run changed making the answer undeterminable. The most likely answer is twice or more than twice from before though as the run probably has decreased.
0,increasing by a factor of 2 increases slope by factor of 2
1,"The slope in the second graph has a rise that is twice as much as the rise in the slop of the second graph, but since the run has also changed from the first graph to the second graph. The change in slope is greater than twice it was before. "
0,"I chose this answer because the other 4 options were not correct, so I chose option ""C."""
0,I just guessed because it looked like double
0,"





![IMG_8851.jpg](https://usercontent.crowdmark.com/ee444242-76f3-451b-802d-988774706691.jpg)





"
0,"m = rise / run. since the rise for the after picture is twice the one before, the slope will be 2 times greater. "
1,"Moved closer to the wall, the ladder has double its original rise over a distance smaller than the original. This smaller smaller run (in the denominator) magnifies the increase in slope caused by greater rise in height"
0,"





![13.jpeg](https://usercontent.crowdmark.com/f0f75269-9d4f-4f97-9ea1-16874082cf01.jpeg)





"
1,I think the answer is more than twice what it was before because not only has the height doubled but the distance from the wall has shortened and will now be a smaller negative number. Therefore the slope will be more than twice what it was.
0,The range increases making it more than twice what it was before.
0,height was x and it doubled so its x times 2 
1,The answer is more than double because you increase the numerator and decrease the denominator in the slope formula. This gives you a bigger number than before.
1,"If the ladder is twice as tall (relative to the x-axis), the width (relative to the y-axis) would not decrease exactly by half its original position. Thsi leaves up with a slope more than twice what it was before."
1,"since ladder is fixed, the ""run"" has to shrink, so its more than 2x"
1,"The slope of the ladder is more than twice what it was before, since the rise not only increases, but the run also decreases, with both factors contributing to the new slope."
0,since the ladder is a fixed length the slope would at least double 
1,If rise is increasing by 2x and run is decreasing than the slope will be more than two times greater
1,"The slope is more than twice what it was before because for it to be just double the original slope the length on the horizontal axis would have to stay the same as it dos in the original, but because it does not (it decreases), the new slope will be larger than double the original."
0,they only adjusted it once more it height from before. twice from the ground but once from where it was before. 
1,"Since the rise doubles, the run decreases. (2xrise)/(smaller run) is greater than 2x(the original slope) therefore, the slope is more than twice what it was before."
0,x was multiplied by 2
1,"The rise of the new slope of the ladder is 2 times the rise of the old slope but the run is smaller, therefore, it is more than 2x bigger. "
0,"In slope intercept form, the value multiplied by 'x' is the slope (m value). Since 'x' is doubled, the slope is doubled by the same amount."
1,For the slope to be twice the original slope it would be 2x/y. While the after slope would be 2x/(smaller y). This means it will be greater. 
1,"I think that as you increase the length of the rise then the slope will increase. However, I tried to find how much the slope increased from the original. I found it increases more than double."
1,slope is rise / run. since the ladder is the same length increasing the rise must have shortened the run meaning that the slope is greater than twice the original amount.
1,"m = rise/run





m = x/run











since the ladder (fixed length) is adjusted, the rise would become 2x and in order for the rise to increase, the run must decrease bc of the ladder's fixed length (if not fixed length, the ladder would get longer and run would stay the same)











so it'll be 





m(new) = 2x/(decrease of run)











this means that the slope will increase bc the rise increased while the run decreased"
1,"Slope is delta y / delta x. When the ladder was adjusted, the ladder reached twice as high as before while starting from further in the floor. Because it starts from further in the floor, this means that delta x has decreased while delta y doubled, thus the slope is over twice what it was before. "
1,"The slope of the ladder is more than twice of what it was before, because even though the rise of the ladder increased by 2, the run became smaller. When we divide the rise by the smaller run, we will get a number larger than 2."
0,"Before the rise is 1, and the run is 2, slope =1/2





After the rise is 2 and the run is 1, slope=1











thus after the slope is twice that of before"
1,"we can use both points of reference over here and find the slope graphically y2-y1/x2-x1, and we get the slope to be more than twice depending on the distance the ladder moved horizontally in the 2nd case."
0,adjusting it twice as higher as before changes the slope by exactly twice then before.
0,"





![2022-09-14, 3_48 PM Microsoft Lens (12).jpg](https://usercontent.crowdmark.com/ef0ef83b-b6ab-4c5c-a9ed-ca62c292e265.jpg)





"
0,using rise over run method
0,"Graphically, the values for x and y will be less, making the equation for the slope of the line be less than the original graph of x. "
0,"When you double m, the coordinates for y become double they were before. "
1,"Slope is equal to rise over run.  If the rise doubles, the slope doubles, but in this case not only does the rise double, the run is shorter, so the new slope is going to be more than double the original slope."
1,"The answer is #2 because, if the height is twice as high as it was before it was adjusted that means it has been stretched vertically by a factor of two."
0,"When looking at the slope of the of the line, I accounted for the fact that the ladder is doubled in height. When looking at the slope, it makes sense that the slope is also doubled in order to account for the ladders height difference. "
0,"The problem can be solved as explained below in the screenshot











![Untitled Notebook (1)-23.jpg](https://usercontent.crowdmark.com/e1f0fa6f-f156-4eb0-9446-2ef9ca15b4ec.jpg)





"
0,"Because when calculating slope we compare the rise over the run, we can see that when the rise has doubled therefore the slope would be twice of what it was before"
0,"To determine slope, we need the change of y and x values. However, by only having the change in height we cant complete the calculations"
0,sub 1 for x and compare
0,The slope would increase twice 
1,The rise of the slope has increased while the run of the slope has decreased. Therefore the slope will be steeper.
0,"Although the question states that the ladder itself is a fixed length, it does not say that its distance from the wall is fixed. This is not enough information to definitively describe the change in slope."
1,"To obtain this answer, I made sure to take into consideration that the latter is a fixed length. This means that even if the x values have doubled, the y has shrunk. This shows that the slope has to be more than twice what it was before."
1,"I know for before the run is less than the rise. Whereas for after, the rise is greater than the run. When dividing the rise/ run to get the slope, you know that a smaller denominator will give you a greater slope when the rise is much greater. Since the runs are not proportional to each other, it could be complete random. So thats why it's not exactly twice as what ti was before, but rather more than twice. For example, x/y = 2x/a. I chose random numbers e=for each variable. 3/5 for before and 6/3 for after. Leaving me with a slope of 0.6 for before and 2 for after which is more than twice.  "
0,"The ladder is kept at a higher slope against wall, since its vertical height is increased. "
0,"In order for the distance (the output to be doubled) and there is a directly proportional relationship, the slope is double what it was before "
0,"





![13.PNG](https://usercontent.crowdmark.com/5168ea23-1fd3-4336-9b3c-8dd5ee0c825a.png)





"
0,Slope is rise over run so in the first example we can just plug in a value say the ladder is 1m up the wall and 2m from the base.  this gives us a slope of 1/2.  In the second example the rise would be 2m and 1m from the base as the ladder is of fixed length and we can find its length using the Pythagorean theorem to verify the the ladder does indeed move 1m closer to the wall.  Then we have slopes of 1/2 and 2 respectively meaning our answer is more than double as 2 x 1/2 is 1 but the second slope is 2.
1,"The length is being of the run is being translated to the rise, calculating the rise over run with new lengths would give you double.  Higher numerator smaller denominator."
0,"In order to determine the slope of the graph, more information needs to be provided such as coordinates or side lengths as the point at which the ladder is placed on the ground does not remain the same. "
0,it is 2x times steeper and therefore twice the slope
0,x/(2x) is less than half of (2x)/x
0,"We used a graphical method, by hand, substituting in our own values to test slope "
1,"let the length of ladder be L





Before the ladder is adjusted, the length of the bottom is (L^2-x^2)^(1/2) according to the Pythagorean theorem. After it is adjusted, it becomes (L^2-4*x^2)^(1/2). And the slope (m) is height/bottom





then





m1=(x)/(L^2-x^2)^(1/2) 





m2=(2x)/(L^2-4*x^2)^(1/2)





2*m1 L^2-4*x^2 and the slope is inversely proportional to the length of bottom"
0,"Slope is calculated as rise/run and since the rise was multiplied by 2 this means the run was cut in half., meaning the slope is more then twice what it was before and almost 4 times. "
1,"I think since slope is measured by how steep the line is, the slope definitely increased after the y-value was changed. Now, the y-value is twice what it was before, but the x-value decreased. Since slope is y2-y1/x2-x1, it would result in an increase of more than 2. "
0,because it accounts for the same amount of space but on a different axis
0,x to 2x is double. 
1,"I wrote this out as before being equal to x/run and after being equal to 2x/smaller run. As we can see in the photo, we not only double the rise, but we also shorten the run. If we simply doubled the value of x, then 2x/run would be double x/run. However, we also change the run when adjusting the ladder, resulting in 2x/an even smaller value for the run, resulting in a slope that is more than double the original slope."
0,"Noting the relations between rise and run and the differences in the numerator and denominator, I concluded that a doubled ""rise"" value would result in a doubled slope."
0,"If you double one part of an equation, you have to double everything and that doubles the slope by default."
0,We do not know the rate of change to determine the slope.
1,"because the ladder is a fixed length, when doubling the height, the run is cut in half resulting in a much steeper line which is more than twice its original slope"
1,"As the problem states, the ladder is now positioned so that distance from the floor to the top of the ladder is twice what it was before. This means that the ""rise"" of the slope has doubled. However that also means that the ""run"" of the slope has decreased, meaning the ""run"" will be divided by a ""run"" that is less than 1. In this case, 2 divided by a value less than 1 gives a slope that is more than twice what it was initially."
0,The slope is twice what it was before because the height doubled.
0,The slope can be approximated using rise over run
0,"When the height is doubled, the slope is quadrupled because the denominator (horizontal distance from the wall) becomes half of the original value and the numerator becomes double the original value. "
0,"hint is shown in the graph ""x"" and then ""2x"", I know slope of the ladder will be 2 times as the original. "
1,"Slope is equal to rise/run. In the second figure, the rise increased, but the run also decreased. If the run stayed the same, then the slope would have doubled. "
0,"





![13.jpg](https://usercontent.crowdmark.com/ee34283c-00b2-4a64-9d56-c91f12ecc2b7.jpg)





"
0,"using sin=x/h and sin=2x/h and isolating for h, you can combine the equations because the hypotenuse remains constant. Once equations are combined, eliminate variables that occur on both sides of the equation. 2=1 remains and tells us that the slope is twice what it was before"
0,"It is exactly twice of what is was before because the height of the ladder increased by 2 times, therefore the slope must've increased by exactly 2."
0,"To determine slope you require rise AND run, because we are only given the change in y value we cannot determine any of these slope comparisons."
0,"





![IMG_0024.jpg](https://usercontent.crowdmark.com/03b35671-e2c4-43ef-a3ed-27581d9344c7.jpg)





"
0,"if 1/2 is the first slope, 2/1 is the second"
0,"The steeper the line, the higher the slope is. "
1,"Since the ladder is a fixed length, as the rise increases, the run decreases. 





m = rise/run 





2m = 2(rise)/run





new m = 2(rise)/ smaller run











new m > 2m"
0,"Although the rise component of the slope is 2x, we do not know the run component of the slope. Thus, we cannot determine what the slop is (rise/run). "
1,"The ""rise"" of the ladder became twice as long, while the ""run"" of the ladder decreased. Using the slope formula (rise/run), this means that the new slope is more than twice as large as the original slope of the ladder. "
1,the y value increases by double and then the x value decreases by an unknown amount giving 2y/ 1(?)/x. this means that the slope ratio is at least more than twice than before.
1,"The ""rise"" of the slope becomes twice the amount than before. Furthermore, the ""run"" of the slope becomes shorter. Therefore, the slope becomes more than twice what it was before."
1,"If you double the rise, rise/run will be more than double."
1,"The ladder in this problem is a fixed length. The formula of slope is rise/run. Since the ladder is fixed length, if the rise increases the run must decrease.





So if the rise increases, the run must decreases.





The rise in the second scenario is 2x (double the original rise). 





Therefore the new slope is 2rise/new run, and the run must be smaller than the old run.





The means the new slope is more than twice the old slope."
1,"Slope is measure as rise/run. If the rise of the ladder is doubled, the slope will double. However, if the ladder moves up, the rise doubles and the run becomes lower than the initial value. This will also increase the slope, so it will be greater than 2."
0,"When the y intercept is doubled, the x-values or inputs are unchanged. That would mean the slope is also doubled, which is twice what it was before, and the second option. "
0,"Since the distance of the top of the ladder increased, that means that the slope is now steeper, which means that it increased. Also, give ""2x"" on the graph diagrams tell that the slope is now 2x bigger. "
0,the slop increased as the y value increased 
1,"m = height of triangle / width of triangle





m1 (ladder on left) = x / longer width





m2 (ladder on right) = 2x / shorter width





height of triangle 2 is twice the height of triangle one meanwhile width of triangle 2 is shorter than that of triangle 1





therefore slope of ladder of triangle 2 is more than twice the slope of triangle 1"
0,"the formula for slope is (y2-y1)/(x2-x1)





in the second graph, y increases by twice as much, while the difference in x stays the same. since there is a directly proportional relationship between the difference in y and the slope of the graph, the slope should double "
1,"The rise of the ladder has doubled but the run of the ladder also decreased, so the slope (m) is more than 2x the previous slope."
0,"There is not enough information to determine the information because although we know how much the rise increase, we do not know anything about the change in the run of the movement (in terms of rise and run), nor do we know the size of the ladder, which would help us find the actual slope."
0,In the question it says the ladder is adjusted so that the distance of the top of the ladder from the floor is twice as high as it was before it was adjusted so the slope must be exactly twice what it was before.
0,"when height increases, rise increases. m is proportional to rise so slope increases too"
0,The rise is now two times the run. 
0,"Because we know that there is a right angle at the wall and the length of the ladder is constant. If you plug in the values of a standard right triangle and find the new value of the floor, you can solve for the slope of the ladder which should be more than it was initially. "
0,"To figure out the slope, we need to know the rise and run (x and y). By changing one of these without knowing the other may make it hard to know the slop exactly and determine if it is increasing or decreasing. Although, from the image the slope is more steeper than it was previously."
0,"





[MATH1LS3CalculusBaselineAssignment_crowdmark13.pdf](https://app.crowdmark.com/text-attachments/11016f14-f029-4ad2-8f3a-c127827fcb1d)





"
0,It is twice as high as it was before as it went from x to 2x.
0,The slope of 2x is more steep than the slope of x meaning that the logical answer is that it is less than twice what it was before
0,"I graphed two linear graphs, with the lines being the same length in both, with one being twice as high up the y-axis, and found that the slope increases by more than 2x."
1,"The top of the ladder moving up to twice the height would result in the slope being doubled - except for the fact that this is only possible if the bottom of the ladder is moved closer to the wall as well. In doing this, you are increasing the slope more as this creates a smaller denominator and larger numerator in the slope equation. "
1,"the rise increases by double while the run decreases, making it more than just 2 times the increase of slope."
0,"





only one of the side lengths of the triangle is given, so there isnt enough information to calculate the slope.





"
0,"i used sample points to figure this out. I assumed that the first point stayed the same in both scenarios and set it as (1,1). Then I made a sample point for the top of the ladder as (3,3) and calculated a slope of 1. For the second scenario, I doubled the height and used the point (3,6) to calculated a slope of 2.5. It is 2.5x more the slope of the previous scenario, so I chose c. "
0,A complete lack of information for the y axis makes solving this question impossible to find an accurate answer. There are no equations I can produce using the given info.
0,"The slope will be exactly twice what it was before because if the height is doubled, that directly affects the slope since m = y2-y1/x2-x1."
1,"potentially because the ladder is a fixed length, the change in vertical distance is increase with the change in horizontal distance being the same change"
1,Since the run or horizontal length of the ladder decreases and the height increases then the slope will increase. If the horizontal length remained the same the slope would be exactly twice as it was before.
1,"If the bottom of the length remained the same, it would result in the slope doubling. However, because the bottom length decreases, it would increase the slope beyond what it would be if it was fixed. Therefore, it would be more than double the slope. "
1,"in the original, you have a set run and a set rise, giving a slope. in the second image, you have twice the rise over a smaller run, giving a larger slope."
0,In theory it should be about 4 times higher 
0,"





![IMG_0E7CCDDDCC51-1.jpeg](https://usercontent.crowdmark.com/5abcf810-1533-46fc-aa4e-35f8d5507430.jpeg)





"
0,"x to 2x, is a double increase"
1,bc rise is doubled and run is decreasing its more than double
1,"The ladder is moving up at a much faster rate in the second image. If the ladder were a line the first equation would be some variation of y = x (with some sort of translation). The second ladder has an equation of y = 2x + b, which means the slope is twice the original. "
0,Not enough information to determine the slope of both ladders.
0,a side length is needed to determine the change in slope
0,"There is not enough info as I do not know what the other side value of the triangle is. Thus, I cannot know how much it has changed. "
0,"Using points (-1,0) and (1,1), I found the distance between them (representing length) and then doubled the height, while still maintaining the same distance, so points (1,0) and (2,2). Their slopes are 0.5 and 2 respectively, meaning that doubling the height results in a slop more than x2. "
0,"





![image.jpg](https://usercontent.crowdmark.com/cb066a74-31c6-4986-bfd0-5900a96962a2.jpg)





"
0,"If we look at the ladder before, it has a larger run than rise meaning that the slope is less steep. On the other hand, the ladder after has increased its rise and the run is far more smaller. The ladder after has a steeper slope than before.  "
0,slope equals rise /run and slop is proportional to rise (height)
0,the rise increase by a factor of 2.
0,"slope is equal to rise over run. in order to know if the how much larger the slope of the ladder is in the after image, the more information would be required. "
0,"I was taught that the steeper a line is, the bigger its slope is. (for ex. y=2x vs y=4x)





This made me think that since the second image is steeper (2x) than the first image (x), its slope should also be 2 times larger than the first image's slope."
1,the rise was doubled while the run was decreased. This means that the new slope is more than twice the previous slope.
1,"if the ladder is moved higher, its run length will decrease. the steeper a slope is, the higher its value will be. C is the proposed answer."
1,"slope is change in y/ change in x, and the y is doubled in the second diagram. 





because the ladder is the same length, the x becomes smaller in the second diagram. so the left diagram's slope would be y/x and the right diagrams slope would be 2y/(x-a) where a is how much smaller the length of x is.





therefore the second ladder configuration would be more than twice the slope of the first 





so "
0,"slope is rise over run and the change in rise has doubled while the change in run has remained the same, therefore slope doubles. "
1,"Even though the horizontal component is unknown it can be seen that the rise increases and the run decrease, meaning that the overall fraction of the slope will be greater than twice its original value. If the run stayed the same, then it would be exactly twice the value of the original slope. "
0,there is not enough information 
1,"As the ladder leans at a point twice as high on the wall (2x) while maintaining a constant length (hypotenuse) the distance between the bottom of the ladder and the wall will also decrease. This means that the value of the first point in regards to the y-axis (height) will double, while the value of the second point in regards to the x-axis (ground distance) will lessen, therefore making the slope increase by a factor greater than 2 when using the formula m = (y2 - y1)/(x2 - x1) for the period after the ladder has been moved."
0,"First, I made up values for two sides and then used pythagorean theorem to solve the missing side. Then I found the slope with these values and did this for both ladders and one was more than twice."
0,"I put my answer as EXACTLY TWICE WHAT IT WAS BEFORE because it went from x to 2x which is x TIMES 2 (TWICE THE ORIGINAL LENGTH) the slope is the angle of the ladder, in the picture, you can discover that the slope is higher and longer then compared to the original small length slope. You can visually tell in the image that it increased (doubled)"
1,"Since the vertical aspect of the triangle is doubled, and the horizontal aspects have to be smaller than the original, the rise increased, and the run has decreased causing the slope to be more than doubled "
1,"As the rise was doubled and run was decreased, we can conclude that the slope is more than twice now."
0,The slope would double as the y value doubled (essentially the x and y values swapped places in slope).
0,"slope= rise/run. if you double the rise, the slope will also double as it is dependant"
1,"The original slope is more than the rise, so the slope should be a fraction which is why the slope of the ladder would be more than twice what it was before."
0,"say rise/run in before is 1/2, then rise/run in after would be 2/1"
1,"due to the ladder being extended so the distance from top of ladder to floor is 2 times. Thinking of it as a function f(x)=x , f(x)=2x has been compressed by 2 so the slope will be double."
0,the slope of the line is increasing by two which can be found through rise over run. There are no transformations other than the slope being doubled becoming steeper 
1,As the ladder was moved to be twice as high as before the y values increased and the x values decreased as the ladder now covers a smaller width of the floor. Slope if found by calculating the change in y values over the change in x values. As the y values increased and the x values decreased there would be a greater slope since we would be dividing by a smaller value resulting in a higher overall value. The slope would be more than twice of what it was before because not only the y values changed but the x values as well. 
1,"As the rise doubles and goes from x to 2x, the run decreases. This means that the slope of the ladder is now more than twice what it was before."
0,You don't know how much the run of the slope changed.
0,"Since the length of the ladder is fixed, the triangle made between the ladder, floor and wall would remain the same, thus ratios can be used. To find the lengths of the first (a) and second triangle (b), the ratio of x/2x can be used. Therefore x/2x = b/a. Once x divides out, the resulting equation is b/a = 1/2. By rearranging this equation, it is evident that b = a/2 and a = 2b. "
1,"As the distance from the top of the ladder to the ground gets larger, so does the distance from the base of the ladder to the wall. Therefore, the slope will be more than two times than what it was before. "
1,Since the formula is rise/run and then height doubled and the base decreased then the new slope will be more than twice of what it was before.
0,"We do not know the length of the ladder, therefore we do not have enough information."
1,"The slope of the ladder is more than twice than what is was before. The formula for slope is given by rise over run. In this example, the run decreases as the ladder is lifted higher and the rise increases, hence we are dividing the rise by a smaller amount and the slope will be more than twice. "
0,"Since we don't know either the length of the ladder or the other side length of the triangle that is being formed, we cannot be sure whether 'a' through 'd' will be correct. (?)"
0,"a slope is rise/run. initially the slope is x/a number roughly double of x. afterwards, the slope is 2x/a number roughly half of x. so if the initial slope is 1/2, and the other slope is 2/1, making the slope much larger than before."
0,"The slope is equal to rise over run. In this problem, the rise is doubled and the run decreases by half. If you write this out, you can solve it to see that the slope multiplies itself by 4, which is more than double. "
0,Looking at the slope and the increase in the slope. It shows that the second lader is twice the slope of the first.
0,"The height of the triangle increases by (2x), so proportionally, the slope is more than twice what it was before."
0,"If height x is multiplied by a factor of two, it is like multiplying the x in y=mx+b by two as well. Therefore the slope would be exactly twice what it was before."
0,There is just a y intercept that is two times the initial y intercept. There is not sufficient info to determine the difference in slope.
1,"Using test values allows the reader of this question to estimate the difference between slopes. Assuming the rise/run in the first diagram is 1/2 and the second diagram is 2/1, the difference in slope is 4 times."
1,The graph has been stretched vertically by a factor of 2 
0,"The height increases at the same rate as the distance between the wall and ladder decreases. By this logic, the slope should quadruple."
0,use Pythagorean theorem? 
0,we have no information on the value of the x-axis therefore it is difficult to tell whether or not the slope has changed or stayed the same. 
0,"since the ladder is fixed, if the rise doubled, the run would then be cut in half, which would make it exactly 2x what the previous slope was no matter what. "
0,"Since the output is twice as it was before, then the slope of the ladder is twice as it was before."
0,"





![FDFC1158-0F93-4700-B6B3-B263F23B1A3B.jpeg](https://usercontent.crowdmark.com/ef16fc1a-8c3e-416f-92b7-2bb2aa9328ef.jpeg)





"
1,"Since the slope of the ladder is equal to rise/run, and the rise increased from 'x' to '2x' there is a minimum increase of twice the original slope assuming that the run stayed the same.  However, from looking at the diagram it can be determined that the run has decreased going from a rise of 'x' to '2x', and therefore the overall slope must have increased more than twice of what it was before. "
1,"As the values on the y axis increase, values on the x axis decrease, causing the slope to increase to more than twice what is was before because the value on the y axis is being divided by less"
0,We would need to know how far the base of the ladder is from the wall to accurately know.
0,the angle is two times more but the tangent of the angle (slope) is less than 2 times more
0,"Slope is now steeper, X value is multiplied by exactly 2"
1,"for the distance between the floor and wall to be doubled, the distance between the wall and base of the ladder is shortened (because the ladder is a fixed length)











as the slope formula is rise/run





a greater rise and a smaller run would result in a larger slope value





if ONLY the rise increased, and the run stayed the same, the value of the slope would be double the original. therefore, the slope of the second image must be more than double the original slope











"
1,"Let a= the ladder distance to the wall in scenario 1 and let b = the distance in scenario 2. Write a ratio of slope final over slope initial. Since the side length on the second triangle is 2x, the function reduces to 2a/b. A/b will always be greater than 1 because a is longer than b. So slope final=at least 2 times slope initial."
0,"I just tried to use some numbers. If the x is 1 and the run is 2, then the slope would be 1/2. Now that they are flipped, the slope would be 2 which is a 4 times increase of the slope."
1,"Slope is rise over run. As rise doubles, and run decreases by about half (assumption from diagram). That means slope increases about ~4x."
1,"rise/run





the rise increases by 2 and the run decreases"
0,I compared the lengths in the 2 pictures.
0,"Due to proportionalities, the slope will be greater than it was originally."
0,The base of the triangle does not remain the same.
1,"slope = rise/ run. when we double the height (or the rise) and decreasing the run, the slope will increase because the ladder is steeper."
0,"In order to double the reach of the ladder, the base value decreases by 1/2. this means that when you calculate the slope of the original ladder placement, you get 1/2. And when you calculate the slope of the second ladder placement, you get 2. Therefore, the slope changes by more than double."
0,"To get the slope of the ladder, I will have to use the slope formula slope=rise/run. I am not given any details about the y-axis which I need for the run. This makes it difficult for me to figure out what the slope of the ladder after it was fixed is."
0,"this is because on the left side it says ""x"" and the right side says ""2x"", meaning that the slope would be exactly twice what it was before."
1,"If the y intercept is doubled and the x intercepts remained the same, THEN the slope would be doubled. However, since the ladder has a fixed length, the x intercept would be changed meaning that the slope would be more than doubled. "
0,"





![20220912_173419.jpg](https://usercontent.crowdmark.com/b476d9d7-3aec-4c3f-b69d-5ff20dc3cb9e.jpg)





"
0,"The steeper a line is, the greater slope it has (meaning larger value). As such, since the ladder is at a steeper angle in the after picture than the before picture, the slope value has increased which corresponds to option b."
0,"The length of the ladder did not change, only the position of the ladder did"
0,Since the output of each input has doubled it means the slope has doubled.
1,"Did not know how to solve this problem algebraically, but M has to be greater than 2 after adjusting the ladder. This is because the ladder's final top position (y intercept) has also increased along with the x intercept position, so m would thus be greater than 2 or else this ladder's length itself would have to become longer. Could also be m = 2 if the height did not change but the bottom x-int position changed. Therefore, m is greater than 2.





![Math 1LS3 Baseline Assignment-12.jpg](https://usercontent.crowdmark.com/3c626240-b30b-402e-9244-e8880d9f9735.jpg)





"
1,Ladder is fixed length so when rise increases run must decrease which leads me to believe that it has to be more than twice than what it was initially.
0,"Since slope is rise/run and the rise increased by 2, the slope is twice as before. We can also tell that the slope has increased because the graph became steeper. "
0,"There is no information as to how the x-axis changes relative to the y-axis (height). Because the slope is calculated by doing the change in y over the change in x, there is not enough information given to determine if any of a through d is correct."
1,"The slope would be more than twice what it was before because as the ladder's length is maintained, and you're basically ""pushing up"" the ladder. In contrast, if one was to just double the triangle's vertical length by 2, the slope would be exactly twice as much of what it was before. However, in this example, the base length is shortened. As a result, the slope would accordingly increase, as the base length of the triangle is inversely proportional to the slope. 











Therefore, the answer would be that the slope would be more than twice of what it was before. 





"
0,"i have attached my work





![V=3RRS.png](https://usercontent.crowdmark.com/5f5a15ea-d943-4f9b-b359-515c628b7383.png)





"
0,there are no numbers to determine the slope of either ladders are 
0,The slope will have increased but by less than 2x what it was before 
1,"If we take into account that the height has doubled AND the base has shortened, then the two factors contribute together to give a bigger slope than just double. If only one of these factors were manipulated, then the slope would be exactly twice more."
0,I started off by giving values to the size and the value of x. Using them i found the vlaue of the last side of the triangle. From there i found the slope of each ladder and the ladder that was more upright more then doubled the other slope.
0,"We only have one variable, so we can't actually determine the exact value of slopes."
0,we do not know the new based length of the ladder. 
0,"I believe there isn't enough information, because although we can algebraically determine the value for the y axis, we don't have any information for the x-axis, other than eye balling it."
0,"It is clear from the picture that the slope is not the same as it was before. Although the picture itself did not provide values to be able to check, upon creating values and using the relationships provided, the three examples all proved that the slope is always more than twice what it was before. "
0,"If x is multiplied by 2, everything is (scalar multiple)"
0,"Since the height increases by 2 from the initial height, the ladder is a fixed length and the slope is proportionate to the height (m=rise/run), the slope also increases by 2. "
1,"Slope = delta y / delta x. The delta y for the first position is x. delta x for the first position is 2x. Therefore, m= 1/2 for the first position. 











The delta y and delta x have reversed for the second position. Therefore, the slope of the second position is 2, which is more than double the slope of the first position."
1,The ladder is only a certain length so it becomes steeper as the top is raised.
1,"I know that my rise will be twice as more then before, but my run is decreasing, so that means my slope must be more than twice it was before. "
1,The distance from the bottom of the ladder to the wall decreased at the same time that the height of the ladder increased. If only the height of the ladder increased then the gradient would have increased by exactly two but since the bottom of the ladder moved  towards the wall as well the gradient increased further. 
1,"Start by assigning a value to both the ladder and the variable x. For the first ladder situation, use pythagorean theorem to find the distance from the wall to ladder base. Then take the slope using y/x. For the second ladder situation follow the same steps, but use 2x. Once again, find the second scenario's slope. When you observe the two slopes, you notice that the second slope value is more than double the first, leaving you with your answer."
0,The slope grows st
0,"Slope can be described as rise / run. In the first example, I assumed the values were 1 (rise) / 1 (run). In the second example, the change in y value doubled, making the new slope 2/1, resulting in a slope of 2 (exactly twice what it was before). "
0,"





[Q13.pdf](https://app.crowdmark.com/text-attachments/6f3b28cf-5f3b-478a-ae94-4549230f6a1a)





"
0,"slope= rise over run, 





rise is x2 meaning it will increase, first option is incorrect





not sure about the rest, need to ask during office hours."
0,"





![Q13.jpg](https://usercontent.crowdmark.com/2d296597-726f-4f17-9bbc-9a00c5fd6104.jpg)





"
1,"By imagining the ladder as a slope with a fixed length, then doubling the rise, we see that the run will decrease. This is because the ladder is at a fixed length, and the run must decrease to compensate for the doubling of the rise. Therefore, the slope must be greater than 2x the original slope."
1,since the y value is increasing it means the x value has to decrease creating a larger slope.
0,If the height is doubled the slope would be doubled too
1,it is already twice the slope by changing the height but the bottom got shorter so it is more than twice
0,"Since the ladder goes up twice the amount it was before, the slope would also be exactly twice as much or as steep. "
0,"





![IMG_13F0C48D5014-1 5.jpeg](https://usercontent.crowdmark.com/6825de4e-51f6-4bb5-b991-baee005b8cde.jpeg)





"
0,"We don't know the base of the ladder or how much the ladder moved horizontally when the slope increased. Without the horizontal component, its difficult to make an informed opinion on the slope of the ladder. "
0,"Even after trying to formulate a response by setting up 2 different equations of the slope before and after, there is not enough information given to answer this problem. "
1,"The slope is represented by the equation m=rise/run. If the rise is doubled, the ladder is still the same length so it will not reach out to the same run as before (and the value of the run is unknown) the rise will double and the run will shrink which makes the slope more than double"
0,"





![IMG-6880.jpg](https://usercontent.crowdmark.com/8bc287aa-7fc8-4d90-ad62-0c0086f150fb.jpg)





"
0,the new slope of the ladder is likely 2x what it was before because the length of it being against the wall was doubled.
1,"If the stick was the same length as before but is now 2 times the distance it was from before, then the bottom of the stick must be closer to the base of the wall. If the height had doubled but the distance from the wall was the same, then the slope would have been twice of what it had been before. But since the distance from the wall is lesser than that, I knew that that the rise/run value is higher than twice of what it was before."
0,"the ladder can be seen as a linear function of y=mx+b. With 2x, the slope of the function doubles. "
0,"We would also need the length of the base in order to figure out whether the slope has gotten steeper or not, also by how much did it got steeper by. "
1,"When the height of the ladder changes, the distance of how far the ladder is from the wall on the floor changes as well. Since both factors are being altered as the ladder is straightened, the slope would be more than twice what it was before."
0,"





![Q13.png](https://usercontent.crowdmark.com/e04dbb78-5337-441d-8a84-af6169509c19.png)





"
0,"





![C0C5FC96-2679-4CB7-88B8-45E9DB6778A8.jpeg](https://usercontent.crowdmark.com/d2547d41-c99c-48c3-b381-49ebbc20a215.jpeg)





"
0,"It is indicated that the height of the first ladder is x. The height of the second ladder is labelled 2x. Therefore, the slope of the ladder has increased to twice what it was before."
0,We dont have enough information to find the answer.
0,using rise/run if rise doubles run halves so 2/.5= 4 in ratio with 1 it is greater than twice it was before
1,We see that x doubles in the before and after but have no idea about the other axis so I am not sure how we would solve it with the limited information we are given. 
0,"due to the lack of information given about the run of the slope, the bottom of the ladder, it is changing between the two ladders, therefore, there is not enough info to determine if any of the a through d is correct. "
0,"





![IMG_F6D90E0D2396-1.jpeg](https://usercontent.crowdmark.com/25c79bde-6d9e-4280-b0dc-9f79d058ef09.jpeg)





"
0,"i subbed in numbers as the length and width, used the Pythagorean theorem, found the hypotenuse and the hypotenuse and the length (doubled this time), then found the width resulting in this answer. "
1,The base decreases by two and the height increases by 2 so the slope becomes twice as big.
0,you only know one of the side lengths of the triangle is given so there is not enough information to calculate the exact slope and therefore not enough information to determine if one slope is twicve the other
1,"Because the ladder is the same length in both scenarios the rise and run in each scenario are inversely proportional to each other, meaning if the rise in one scenario increases by a factor, the run of the other scenario decreases by the same factor."
0,I genuinely also don't know about this one. 
0,"if the ladder is of fixed length, and the height from the bottom of the floor goes from x to 2x, the rise of the slope must be double."
0,Not enough info.
0,Height increased twice therefore slope doubles (cannot decrease or remain the same)
0,"This problem would not work for all triangles as if the side were (a < 2x; a denoting the side length of the hypotenuse and x denoting the height being doubled.), this would not satisfy the solution. Take the example of 5, 12 and 13 triangle (the side lengths corresponding to a right angle triangle's length respectively. If the height was 5 and you doubled it to 10, with the hypotenuse staying the same length  it would change the horizontal length. 











10^2 + x^2 (denoting the new horizontal length) = 13^2





x^2 = 69





x = 8.3 (approx.)











The original graph's slope would be 5/12. The new slope would be 10/8.3 meaning the slope would be more than doubled the original equation. "
0,"i used another equation as an example. the rise and run would be of different values 





"
0,"first slope is 1/2x, second slope is 2x, making it 4x larger, assuming that the length of the ladder remains the same."
1,"This is because: 





slope = rise/run





The rise was x before and the rise after is 2x. Therefore, the rise is twice what it was before. 





The run was more before then what it is now. This means that when calculating the slope, rise would be divided by a smaller number. Therefore, the slope is more than twice of what it was before.  "
1,this is because not only is the rise increasing but the run is decreasing therefore there would be more value of rise being divided by less value of run which would result in it being more than twice as before.
1,"In order to calculate slope, you must do m=rise/run. By doubling the distance from the top of the ladder to the floor, you are increasing the rise by a factor of 2. However, the run also decreases because by increasing the height, you must shift the ladder and shorten the distance between the base of the ladder and the base of the wall. Decreasing the run also increases the slope, thus the slope of the ladder will be more than twice what it was before."
1,"although the height of the ladder increased by a value of 2 which is the rise, the run also decreases. Since  slope is rise/run, with rise increasing and run decreasing, the slope is greater than 2. "
0,slope reps a change in both x and y values which shows there isn't an increase in just one variable.
1,I believe that it will be more than twice as it was before because if the ladder is a fixed size and the height has just increased then the distance from the wall has decreased causing the slope to have increased by more than double. 
1,The slope of the ladder is more than twice what it was before since the difference in the y direction was increased while the difference in the x direction was decreased.
0,"the equation for the first ladder is y=x+b, while the equation for the second ladder would be y=2x+b. The coefficient before the x indicates the slope and therefore the slope of the second ladder would be exactly double the slope of the first."
1,"When the rise doubles the run splits in half because we're looking at a linear function. The slope becomes inverted therefore if the slope was previously 1/2 which equals 0.5, it is now 2/1 which is equal to 2, therefore it is more than twice what it was before."
0,"I believe that the slope will not be less than or the same as the height of the top of the ladder has been changed. However, I am unsure if there is enough information to mathematically determine whether or not the ladder is exactly twice what it was before or more than twice."
0,Slope is simply twice as steep
0,"ie:





Before has coordinates (0,3) and (5,0) --> m = 0.6





After has coordinates (0,6) and (5,0) --> m = 1.2





"
0,slope is the rise over the run. The base is changing but the ladder is constant. The slope of 1 is less steep than the slope of 2. 
0,you adjusted a fixed object. the slope will definitely change to be steeper if it is given less space to support its weight.
1,"doubled the rise and run decreased, so the slope must be greater than twice it was before"
0,"i chose this because the height of the ladder is doubled, so the slope would be doubled aswell. "
0,"After you adjusted the ladder, the slope got steeper. Therefore if its by 2 it will be by 2"
1,"m= rise/run. The new slope is twice the original rise and less the original run. Therefore, the new m= ((2)(rise))/(smaller run) which is larger than ((2)(rise))/run."
1,"Since the rise is twice the original rise, and the run is less than the original run 





and slope = rise/run 





the slope will be more than twice what it was before "
1,"If the distance of the ladder remained the same and travelled up the wall to twice the height of before, then the slope would be exactly double. Since the ladder is a fixed length, the distance from the wall decreased therefore the slop cannot be exactly double."
0,"the slope is related to x and y. The information only shows that change in y, there is no information about x. therefore, could not determine change in slope"
0,"the only information given is the change in height of the ladder (distance between floor to top of ladder), we also would need the change in width (distance between bottom of ladder to wall)"
0,"formula for a slope is y=mx+b, if x is doubled the slope should be steeper."
0,using slope (rise over run) it would logically double
0,"





![Baseline_Q13.jpg](https://usercontent.crowdmark.com/0ed42057-de84-436e-b823-adb5cd560940.jpg)





"
0,"





![IMG_CDE3AD6F4E84-1.jpeg](https://usercontent.crowdmark.com/4f60fd95-b35a-4219-aeec-746beaa84b88.jpeg)





"
1,"Slope = rise/run. Rise doubled, while run decreased. So more than twice total increase for slope."
1,"The horizontal distance between the base of the ladder and the wall deceases as the vertical distance from the top increases, so the slope changes by a factor greater than the change in vertical distance."
0,"I tested it out with random numbers using the Pythagorean theorem and the slope formula and found that the slope was increased three-fold, which is more than two."
0,idk ;_;
0,"Taking the equation y=mx+c, and keeping the the c =constant (0)





we can derive the relationship y=mx -->y/x=m. This implies that x is inversely proportional to the M value.





As the m increases the x will decrease at the same proportion.  "
0,23412342314124
1,"The length of the ladder is the exact same in both questions, and we know the relation of the height of the ladder's in both question. We can plug in actual numbers to check the slope of both questions. I made the ladder length 10m, and x = 2m. We can use the pythagorean theorem to find the length of the wall to the bottom of the ladder. If we calculate the slope, we will see that AFTER is more than double the slope of BEFORE.





![13.png](https://usercontent.crowdmark.com/3919ecb3-b6d8-4af3-a161-d67f0a3ec4da.png)





"
0,"The height increased by 2 so the slope did as well, since it's rise increased and run decreased."
0,The slope went from x to 2x meaning that it was doubled. 
0,slope formula x/y if x is twice as large then the slope is twice as large
0,Without knowing the value of the length of the ladder along the floor it's impossible to know by what value exactly the slope changed.
0,"im not sure, actually"
0,"=risex2/run2





=1x2/12





=2/0.5





=4











1:4 ratio





This means that the slope increases by more than 2"
0,You dont know the bottom length so you are unable to tell the slope 
0,"The height determines that the ladder doubles, as it is labeled 2z which means the height has been doubled. "
0,I dont think there is enough information in the graph to see if the slope of the ladder is exactly doubled because the x axis is not labelled with any numbers so we dont know if the slop is actually half. In the graph you can see that the y-intercept is doubled.
0,"Looking at both the graphs, you can tell the approximate slope of each one by thinking about rise/run. In the first graph, the run is more than the rise which is why it isnt as steep but in graph 2 the rise is greater than the run so its more steep. This means that the slope in graph 2 will be more than it was before. "
1,"1. Let L represent the length of the ladder, and s represent the horizontal line from the corner to where the ladder touches the ground.





before: 





s=(L^2 - x^2)





after: 





s=(L^2 - 4x^2)





2. Therefore the slopes are as follows:





mBefore = x/((L^2 - x^2))





mAfter = 2x/((L^2 - 4x^2))





3. Simplify mA to the following (divide out 2)





mA= x/(((L^2)/4)-x)





4. Find ratio of slopes mA/mB. Simply to the following:





ratio= (L^2 - x^2)/((L^2)/4 - x^2))





5. For the above function, there are two limits. 0, and L/2 (L/2 is because if it was more than  that, the height would be higher than the length of the ladder, which is impossible.)





As x approaches 0, ratio approaches 2. 





(L^2 - 0)/(L^2/4 -x^2) = L/(L/2) = 2





As x approaches L/2, ratio approaches positive infinity, because the denominator would be close to 0.





Therefore, the range of the ratio of the slope is between 2 and positive infinity, so the slope of the ladder is more than twice it was before. "
0,"The scale factor is a constant, because its continuously being multiplied by two."
0,"using the sin relation, sin=opposite/hypotenuse, where x is the opposite and h is the hypotenuse, for the first position sin=x/h, and for the second sin= 2x/h. H is the same for both of them since it is the same ladder, therefore the angle of the ladder will be double what it was before and so will the slope. "
1,"When you increase the slope of the ladder, if you only moved the top (and didnt decrease the distance between the bottom of the ladder and the wall), the final result would have a slope of double the height. (This obviously makes no sense because the ladder couldnt reach that far). So, instead, what you do is think about the fact that the height does indeed increase on the vertical wall, but the base of the ladder also gets closer to the corner of the wall. This would then potentially imply that the slope is double the original value. The run of the slope becomes decreased, while the rise is increased. "
0,"According to Pythagoras theorem, it is more than twice."
1,"We know that m  m=rise/run 











Now its 2x the original rise, and 1/2 the original run. 











The new m would be (2*rise)/ (smaller run)"
